,user_id,address_id,username,user_type,first_name,last_name,email_address,main_phone_number,optional_phone_number,gender
0,1,1,qharris,r,Stuart,Murray,ncooper@example.com,(0306) 999 0039,,female
1,2,2,jenniferwilliams,b,Kate,Duffy,stephanie82@example.org,+44(0)114 4960131,,male
2,3,3,phillipholmes,r,Martyn,Cooper,jasonmorris@example.org,+44(0)113 4960203,,unknown
3,4,4,dsmith,r,Philip,Ward,william58@example.org,0113 496 0925,,unknown
4,5,5,connormathew,r,Philip,Mason,zreynolds@example.com,+441914960661,0808 157 0908,male
5,6,6,annalawrence,r,Charlie,Jones,thomasteresa@example.com,+44(0)114 496 0101,(0191) 4960516,male
6,7,7,clarkecharles,r,Ryan,Pratt,royroberts@example.com,01184960980,(0141)4960097,unknown
7,8,8,mccarthyashley,r,Matthew,Swift,emma51@example.com,(0114) 4960209,,male
8,9,9,dianaharding,b,Terry,Wells,lewis42@example.net,+44191 4960282,0909 8790299,female
9,10,10,thomascarol,r,Trevor,Davies,qlewis@example.org,(0151) 496 0131,,unknown
10,11,11,graypeter,r,Owen,Davidson,ashleighbutler@example.com,(0118) 496 0558,+44(0)3069990169,unknown
11,12,12,nicolepalmer,r,Nicola,Goodwin,sally87@example.org,+44(0)121 496 0505,+44(0)3069990336,unknown
12,13,13,ryanhussain,r,Marc,Hughes,thomasamber@example.net,(0161) 4960323,,unknown
13,14,14,neiljames,b,Gerald,Harris,abdulparker@example.com,+44909 8790031,,female
14,15,15,elliot99,r,Geoffrey,King,lydiajones@example.com,0118 496 0010,(0808) 1570076,unknown
15,16,16,pauline76,r,Chelsea,Dawson,burtontracy@example.com,01164960072,(0808) 1570279,male
16,17,17,fostergraeme,b,Dorothy,Thomas,qsmith@example.com,+44(0)306 999 0006,+44(0)909 8790724,unknown
17,18,18,xlord,r,Pamela,Bradley,stephen77@example.net,+44191 4960232,,male
18,19,19,toddannette,b,Alison,Mahmood,molly14@example.net,+44909 879 0829,0121 4960618,female
19,20,20,kellybell,r,Eric,Ahmed,marcus05@example.com,(029)2018840,(0114) 4960948,male
20,21,21,leighkaur,b,Sylvia,Hall,conorross@example.org,+44(0)2074960220,,other
21,22,22,hkelly,r,Derek,Graham,patriciadavies@example.com,+44(0)118 4960022,01164960166,male
22,23,23,connor60,b,Christine,Carroll,katewilkins@example.com,+441414960200,,other
23,24,24,leon91,b,Maureen,Howard,kinglindsey@example.com,+441614960133,,other
24,25,25,nataliejames,b,Lesley,Weston,charliedavison@example.net,(0117) 496 0697,(0161) 4960361,female
25,26,26,fordbethan,r,Zoe,Parsons,michelle43@example.net,+44(0)1154960564,,male
26,27,27,lcole,b,Jill,Jordan,phillipsbrett@example.org,+44(0)114 496 0725,,female
27,28,28,vjordan,r,Lorraine,Jackson,hjames@example.org,+44113 496 0239,020 74960607,male
28,29,29,mistrycolin,r,Michael,Fisher,kathryn67@example.com,(0909) 8790895,,unknown
29,30,30,medwards,r,Luke,Schofield,denis26@example.net,+441914960517,,female
30,31,31,htaylor,r,Julie,Summers,brianharding@example.com,0808 157 0780,0161 4960524,other
31,32,32,lucy75,b,Brett,Farrell,hugh48@example.com,(0121) 496 0459,(0113) 496 0459,female
32,33,33,suttonangela,b,Patrick,Sharp,neil42@example.com,+44(0)8081570431,+448081570211,unknown
33,34,34,shortpaul,b,Janet,Hale,smithyvonne@example.net,+44116 4960466,0306 9990511,unknown
34,35,35,benjamin04,r,Cameron,Hall,sbell@example.com,+441184960954,+44(0)20 7496 0951,male
35,36,36,eleanor61,b,Malcolm,Reeves,wardchristopher@example.org,01184960719,,female
36,37,37,mathew10,r,Irene,Robinson,ericholmes@example.net,(0161) 4960841,(0121) 4960701,male
37,38,38,lukewilkins,b,Chloe,Ryan,howardmartin@example.net,01154960234,+44(0)131 4960868,unknown
38,39,39,daviesmathew,b,Damian,Hardy,simon82@example.net,0115 4960992,,unknown
39,40,40,carol68,r,Karen,Richardson,moranjemma@example.org,0191 4960842,(0114) 496 0656,unknown
40,41,41,qdickinson,b,William,Wright,ywalker@example.org,0909 879 0765,,other
41,42,42,sevans,r,Shaun,Black,oconnorlisa@example.net,(0116) 4960948,0121 496 0968,male
42,43,43,colinjones,r,Pamela,Parker,judith50@example.org,+44(0)1632 960054,,male
43,44,44,uharrison,b,Leanne,Clarke,jonesmarcus@example.net,+44(0)117 496 0805,+44(0)292018486,other
44,45,45,kathrynevans,r,Jeremy,Brown,tracyscott@example.net,+44(0)1184960114,,other
45,46,46,ewilliams,r,Chloe,Kelly,hgregory@example.com,+44151 4960260,0121 4960784,female
46,47,47,jeremy22,b,Cheryl,Ward,qrichards@example.net,(0131)4960079,+44292018110,male
47,48,48,pcarter,b,Owen,Hutchinson,graemehughes@example.net,(029) 2018330,+44151 496 0362,unknown
48,49,49,saralord,b,Mathew,Cooper,allan02@example.net,(0117) 496 0732,+443069990430,unknown
49,50,50,thorntonfrancis,b,Frances,Reynolds,dawnpatel@example.com,020 7946 0662,+44(0)161 4960550,male
50,51,51,susanhorton,r,Jemma,Young,connollycameron@example.com,(0306) 9990699,+449098790794,female
51,52,52,dale56,b,Carol,Martin,lwhite@example.org,+4420 7496 0501,0117 4960649,female
52,53,53,leon48,b,Neil,Law,elizabeth86@example.net,+44306 9990738,,unknown
53,54,54,georgiadavies,b,Amanda,Foster,lucascarly@example.com,(0118)4960297,0131 4960882,male
54,55,55,glenn99,b,Damien,Wilkinson,smarsden@example.com,+44(0)28 9018 0059,,unknown
55,56,56,inorton,r,Colin,Stokes,helen91@example.org,+44(0)114 4960126,,male
56,57,57,kieran30,b,Jessica,Bradley,jayne98@example.net,01314960650,,male
57,58,58,stephenssheila,r,Michelle,Taylor,watsonmohamed@example.com,+44(0)1632 960788,0141 496 0793,female
58,59,59,ianreid,b,Ricky,Smith,francesdean@example.com,+441144960165,,male
59,60,60,howardgerald,b,Kayleigh,Henry,dawn01@example.net,+441632 960 499,0141 4960631,unknown
60,61,61,ericburton,b,Jennifer,Baker,julian57@example.org,+44191 496 0682,,male
61,62,62,joelee,r,Vanessa,Smith,barneslouis@example.org,(028) 9018 0986,,male
62,63,63,leedavid,r,Kevin,Matthews,june04@example.org,+44(0)121 496 0228,+44118 4960194,other
63,64,64,wardmatthew,b,Joel,Quinn,justinday@example.org,01314960474,,unknown
64,65,65,mohammadbell,b,Leslie,Mellor,forstergregory@example.net,(0151) 4960175,,male
65,66,66,tmarshall,b,Martyn,Murphy,armstronglynne@example.org,(0115) 4960274,+44(0)1632 960 814,female
66,67,67,annebaker,b,Peter,Wright,epalmer@example.com,01134960016,,male
67,68,68,kstevens,b,Daniel,Day,oconnorelaine@example.org,+44117 496 0497,,male
68,69,69,nbarton,b,Eleanor,Singh,brucesheila@example.com,+442074960084,+441134960563,female
69,70,70,barnesbilly,b,Shane,Hammond,powelljane@example.net,+441914960161,+44(0)131 4960614,female
70,71,71,kwilkinson,b,Dennis,Brown,benjamin73@example.org,01154960663,,other
71,72,72,spencerkenneth,b,Declan,Richards,ashleighlamb@example.com,+441514960390,01632 960 828,other
72,73,73,cjackson,b,Craig,Smith,henry44@example.net,01144960980,,male
73,74,74,phillipsgraeme,b,Marian,Wood,brownmarie@example.org,(0151) 4960006,,other
74,75,75,rachaelrobinson,b,Wendy,Williams,matthew39@example.org,(0118) 4960967,,other
75,76,76,jeanparsons,b,Heather,Brown,charltongarry@example.net,+44(0)1632960946,+44(0)3069990583,other
76,77,77,holmescarolyn,b,Anna,Goddard,georgiawalters@example.org,(0115)4960150,01184960830,other
77,78,78,stevensnicola,r,Martin,Rose,stevenchandler@example.net,01632960055,+44(0)289018117,female
78,79,79,annetteross,r,Christopher,Forster,vatkinson@example.com,0121 496 0335,09098790622,female
79,80,80,bford,b,Lynn,Fitzgerald,natasha34@example.net,(029) 2018 0344,,female
80,81,81,paynebethan,r,Daniel,Armstrong,ydavies@example.com,+44306 999 0510,,unknown
81,82,82,phoward,b,Katy,Moss,bethanyjohnson@example.org,(020) 7496 0195,,other
82,83,83,emma13,b,Glen,Jordan,matthew00@example.org,01164960760,,female
83,84,84,stacey33,r,Tracy,Cooper,barnesshane@example.com,+44(0)117 4960357,+44(0)1184960893,male
84,85,85,pparker,r,Garry,Evans,ashtongemma@example.org,+441632960698,,female
85,86,86,ifinch,b,Emma,Davies,frank07@example.net,+441174960533,,other
86,87,87,naomijones,r,Sally,Thomas,crossjulia@example.net,+44(0)20 7496 0546,+4420 7496 0982,female
87,88,88,hayley01,r,Carl,Richards,tevans@example.org,(0161)4960640,+44909 879 0607,other
88,89,89,tbell,b,Nicole,Bevan,ccole@example.net,+44(0)116 4960540,+44(0)1414960994,female
89,90,90,samuelfisher,r,Christian,Herbert,jonesashleigh@example.org,(0141)4960732,+44113 4960934,female
90,91,91,dixonrachel,r,Leonard,Wall,ericpalmer@example.com,+441514960384,,unknown
91,92,92,daviesashley,b,Katherine,Wells,katie28@example.net,+441314960035,0151 4960895,female
92,93,93,stephensabdul,b,Tracy,Griffin,mohamedbradley@example.com,0151 496 0593,+441414960972,female
93,94,94,sheilafarmer,b,Jamie,Patterson,rriley@example.net,+44(0)113 4960585,+44(0)114 4960160,female
94,95,95,malcolm36,b,Aaron,Smith,reedeleanor@example.net,+441414960924,+44(0)292018008,other
95,96,96,lucygiles,r,Ricky,Ryan,fsmith@example.com,+441632960678,(0113) 496 0154,male
96,97,97,clairedean,r,Leonard,Anderson,janetaylor@example.com,0306 999 0065,0116 496 0267,male
97,98,98,martinleah,b,Andrea,Horton,marionedwards@example.net,0808 1570544,,female
98,99,99,sean03,b,Jade,Curtis,mauricegrant@example.org,+441154960123,01134960149,unknown
99,100,100,ichapman,r,Phillip,Simpson,ellie73@example.com,01614960512,,unknown
